                  epoch,         train/box_loss,         train/cls_loss,         train/dfl_loss,   metrics/precision(B),      metrics/recall(B),       metrics/mAP50(B),    metrics/mAP50-95(B),           val/box_loss,           val/cls_loss,           val/dfl_loss,                 lr/pg0,                 lr/pg1,                 lr/pg2
                      1,                0.60063,                 2.1448,                 1.3654,                0.70807,                 0.5332,                 0.4681,                0.38253,                0.80378,                 2.9993,                 1.4711,             0.00047204,             0.00047204,             0.00047204
                      2,                0.38343,                 1.3348,                  1.136,                0.79195,                0.45519,                0.60331,                0.46125,                0.89777,                 3.0509,                 1.6419,              0.0009296,              0.0009296,              0.0009296
                      3,                0.35891,                 1.1729,                 1.1173,                 0.3029,                0.62133,                0.57267,                0.39294,                 1.6816,                 4.5727,                 1.7746,              0.0013683,              0.0013683,              0.0013683
                      4,                0.33641,                 1.0138,                 1.0932,                0.63905,                0.84625,                0.72878,                0.66093,                0.50979,                 1.9003,                 1.0937,              0.0013441,              0.0013441,              0.0013441
                      5,                0.30312,                0.96122,                 1.0668,                0.64389,                0.93255,                0.84822,                0.80477,                 0.5043,                 1.6828,                 1.0881,              0.0013441,              0.0013441,              0.0013441
